{"cameraMode":{"drawMode":0,"name":"Shaded","section":"Shading Mode"},"sceneLighting":true,"audioPlay":false,"sceneViewState":{"m_AlwaysRefresh":false,"showFog":true,"showSkybox":true,"showFlares":true,"showImageEffects":true,"showParticleSystems":true,"showVisualEffectGraphs":true,"m_FxEnabled":true},"in2DMode":false,"pivot":{"x":2.206878423690796,"y":0.3576335906982422,"z":1.0005383491516114},"rotation":{"x":-0.24465107917785645,"y":0.7098855376243591,"z":0.2935499846935272,"w":0.5916433334350586},"size":37.551692962646487,"orthographic":true}